{"1V29BOyzq/L0G2mPlcKiZA==":"100856183_2707330529538180_8029732335316369408_n-1575x1050.jpg","N88D1/6kqECuB9QL36XKyQ==":"mbr-1920x1078.jpg","7bJi8qLvWcKTtAdk0RPfyA==":"mbr-1920x1274.jpeg","pa5Dkwo/T1qgW/t0h+fQvA==":"background5.jpg","Q5IF4cIb4rniodgYgHg4qg==":"background4.jpeg","nikeSeR/b1pFw7nWIPXq9w==":"mbr-436x291.jpg","tgtyg3D7PG5qpVRRsoInTw==":"mbr-436x308.jpg","scf1eQbeqXEhl88TKuwhUA==":"t%E1%BA%A3i%20xu%E1%BB%91ng-266x190.jpg","KYJTrdbSQwuFeFUQqfj/mA==":"mbr-1920x1280.jpg","00zZUyXhpQoaC0uKo25qvA==":"product1.jpg","rinWH39BofTY9Seh3Gv9EA==":"pq-696x407.jpg","2aLERnuK41kdqivTAUYiRw==":"tn-696x407.jpg","Jv4YOFRsUtZTkzI+60debA==":"dl-1-696x412.jpg","TUS99hk/BsvnXAAGel9rwQ==":"mbr-1-1920x1280.jpg","zRHyn+VKsTvdR7WSuFT/vg==":"%C4%90n-696x407.jpg","MpvwpOagAd02RnS3bl8BcA==":"nt-696x407.jpg","FqUZgz26JUBsHmwAVhNELw==":"hn-696x407.jpg","mIIbxW0r7dEZSbMPwcoYdg==":"background2.jpg","9Q5M+8FMkFvPOjqM2Yw0ug==":"mls-sgp-696x458.jpg","k4EKWxxY7uDXtzshlq5VXQ==":"tl-696x464.jpg","H4sKSh24VydeGfp75YaAmg==":"sgp-696x464.jpg","omBBHHpSkofXBkVYpoe80Q==":"cpc-696x458.jpg","RfIuHja7zYmyGBbp29ueJg==":"uc-696x464.jpg","vSITmWKrKO7QAYOQD/ScKw==":"mdv!-696x464.jpg","bHQIL/YmVJw4vlS74BLKIg==":"dl-696x412.jpg","5R/wi3cKFZStQFtvO8skgg==":"tn-696x492.jpg","f2r87ja6HBRDrubARTiuzg==":"pq-696x462.jpg","GsquuFELQVdCXrAnzvmiBA==":"background4.jpeg","XPk4cAuIfiupXqMxoKpMMw==":"mbr-1920x1274.jpg","E1v0f96+NsQcrtx3U1dHTA==":"mbr-1920x1371.jpg","5MWu/N7l+rA62gJRKOykQA==":"mbr-1920x1275.jpeg","1Dft9Md37rhjYv5kMIW4IQ==":"mbr-1920x1288.jpeg","H66ml/LAyB+FsoS0kLOt0Q==":"mbr-1920x1080.jpg","z7ccq71j1ev2xIIRVKt9bQ==":"mbr-1920x865.jpg","gCQ4mJHo+QsMfI9eBNNUWw==":"pq-982x574.jpg","WmIHNkCxdq5lwphuSAKoqA==":"dl-506x299.jpg","nIDstYF0podZbTNiYbVDAw==":"pq1-275x183.jpg","93nUSgVmCxgx+rIsmSFEjg==":"1-512x288.jpg","hWq8G4fzY00AbR8WQlhzEQ==":"mbr-1920x1075.jpg","MH7ZB/rwcmsgwqMKO6LhVA==":"dl-1482x877.jpg","5qSwH5Sjnezh3U6N2XSH9g==":"mbr-2-1920x1280.jpg","95CvG47OtIZNzXNotYCZTA==":"mbr-2-1920x1280.jpeg","Xx2Kij/+wkaIv42SmFv5TQ==":"mbr-3-1920x1280.jpg","jkjC6M/2IbRNxhwhdyjF0Q==":"mbr-3-1920x1280.jpeg","oFVdy8Xtqq3A5cwZEu5tIw==":"mbr-4-1920x1280.jpeg","PA2vZnh48Y+ylMI3cygcQA==":"mbr-5-1920x1280.jpeg","29rzWgq9ViDtWACzXzIPFA==":"tn-506x296.jpg","9YNMmZA5lqAu3M3Z5fT/Qg==":"hn-506x296.jpg","iq3byood8xgroho5veZamA==":"pq-506x296.jpg","AmERVBa3Mv0cdTBGAOn4bA==":"mbr-1920x1281.jpg","ZVzezTc7/5wlz1gLn4ieSg==":"mbr-1920x1281.jpeg","U3Ud4bmZ/6tm6L/HP2y9MA==":"mbr-1-1920x1281.jpeg","L+EVxkXFqNe4BTqe19zSkA==":"mbr-2-1920x1281.jpeg","xI9KB1s7I5Rgbs3skTJM6Q==":"mbr-3-1920x1281.jpeg","edLykfoACQeVvby6KOuwNQ==":"%C4%90n-1500x877.jpg","t4h53VaziKGssvxNRx8x6Q==":"mbr-1920x1275.jpg","m+jWLJE0KQluZNrL6f4vEg==":"mbr-1-1920x1275.jpeg","VNoGaeF/o3RAExZ/MYYMSg==":"mbr-2-1920x1275.jpeg","xq9tDzhLrcHxO3JkDXXlcA==":"mbr-3-1920x1275.jpeg","Ty1pLHWF3Id5ssnmgXOc0w==":"mbr-1-1920x1281.jpg","3eUrMePzY1BBivXpumtpXg==":"mbr-4-1920x1281.jpeg","16S4OA1bWx/Xd9mSsVLznA==":"mbr-5-1920x1281.jpeg","hy4/uo7Ce3aIndAVlu9scg==":"mbr-6-1920x1281.jpeg","CjtjzraVJTnTTAXurwqxcQ==":"mbr-4-1920x1280.jpg","y6xvawydT4XhOQebuVQE1w==":"mbr-1285x1920.jpeg","1rbM3RyBskQLJt1K00wA3g==":"mbr-1-1285x1920.jpeg","TP+5DFNuvltXm2tmKjaF/Q==":"mbr-1920x1280.jpeg","frDXATRintnsQz/mFA8Nhg==":"halong-982x574.jpg","CkNBHGEDmmcEZyNghbF97w==":"trangan-982x574.jpg","nPXQQMZfAgt+POuEYh1ggQ==":"baidai-982x574.jpg","QFUmBqWCYk8EFeE2zHjOlA==":"vinhper-982x574.jpg","FIokqkFd9crpceTPTNJPvw==":"chuaoc-982x574.jpg","rHoaet1trICugtMJ3VikvQ==":"hoian-982x574.jpg","cj7YocZ6K9bxYcs09lnwYA==":"banahill-982x574.jpg","/kJeR6b8JtuS/THY8yXIgA==":"phongnha-982x574.jpg","NY4Yrd9/c9CMPstb2ZaI1w==":"kthue-982x574.jpg","KCeFohRPQF0LTQxF2lsyug==":"nuibaden-982x574.jpg","CNzeTSvk1QkepQnzhgCHwg==":"dl-982x581.jpg","534drQy/OcGi8IBT+RA9mA==":"canhdonghoactc-982x574.jpg","2CFpm9Rg6Dj02416ykTujw==":"langbiang-982x574.jpg","Q70iJa0O/4jHKn9T/CjQFw==":"chodemdl-982x574.jpg","9kzHHKnrUQhFDgpNaeRAJQ==":"hatien-982x574.jpg","mZnHFmW61u4G0rceh2f+Mw==":"phuquoc-982x574.jpg","QrLYL4r+1q2SUh1/NsCo2Q==":"4daophuquoc-982x574.jpg","lS9boMAK4yd5U8tjavP33g==":"phuquoc1-982x574.jpg","74s/LRGCTIhSTDyqf1FCOw==":"nt-982x574.jpg","SFs9IjXoKkHTMuQ2/BjTbA==":"cpc-506x333.jpg","d3twaGvWo3p3IWiEW4CdaQ==":"uc-506x296.jpg","xN7xndvoC06S/xtkMuD5sw==":"mdv!-506x296.jpg","dk9TrrgGNsZk5yIwPxvUSA==":"mdv!-506x296.jpeg","Dzy1S7NaR7o3sPtaS7dV2w==":"mdv!-1-506x296.jpeg","9z01DqhYCuv8A0KvBh31YA==":"sgp-506x296.jpg","BAlQPnYxLOdiw/NG9LDBNA==":"cpc-506x299.jpg","sdREm/uYGUxTK33SWFwDzw==":"mls-sgp-506x299.jpg","CloFFQp7hvJ8N5SoqYLiqw==":"mbr-1920x1279.jpg","C4Mr95si16QblTkStO6OPQ==":"mbr-1920x1279.jpeg","/LyuWJChz0pH8efhIyjMDA==":"mbr-1920x1105.jpg","yQ9SF++IFhT/ei3jUO0nRg==":"tl-506x296.jpg","D7IHjfIhg1tyOQDRCmTPBQ==":"mbr-5-1920x1280.jpg","NfXhYi/55B8VzJwyOxGUKA==":"mbr-6-1920x1280.jpeg","hBouQ9/ie/EgL2y/pzZ6AA==":"mbr-1-1920x1280.jpeg","0Xw8/XrgceadHVm88oWpcQ==":"mbr-6-1920x1280.jpg","c3HowepzhbVPZMhfatJa3w==":"mbr-7-1920x1280.jpg","a838KnQG/dlzFOzFUaaahA==":"mbr-2-1920x1281.jpg","rkDxyUNXbmUAzpOuqJ1eAQ==":"mbr-7-1920x1281.jpeg","tuVyhmsb2frZn+SQYVff8g==":"mbr-8-1920x1281.jpeg","qGFb/k8qAQTc0FbqsYXguA==":"mbr-8-1920x1280.jpg","oFB4kjz48IeMqquDHLSxKQ==":"mbr-8-1920x1280.jpeg","7gwn3CuzUQLagVx2ztapXw==":"bangkok-982x574.jpg","GcAfN9bMYHW/Vw06MHwlyg==":"pattaya-982x574.jpg","GHsRpvCeRmc3Gafh1pKzpw==":"baiyoke-982x574.jpg","DEuX9WscNSsJYCXOKVifMA==":"chotl-982x574.jpg","5lOYUuop3Yx4Z7kdMfRQQg==":"garenbythbay-982x574.jpg","1o8/AU98W6dzFH2vizCYXg==":"wingtime-512x288.jpg","klL+EizgA3dvC4nsk3ApxA==":"sgp-982x574.jpg","hrR4CSpbXfNHEb+ImCekKA==":"tudosgp-982x574.jpg","DL0Yccy1lK+5tc+rFohwDA==":"kualalumpur-982x574.jpg","hp5Ev1HW0Dttb53Tluxhfw==":"genting-982x574.jpg","mRnywZdn5nchZTKvoYO3Yw==":"malacca-982x574.jpg","LAebS6MmAafalVZvIJ+aBQ==":"jurong%20park-982x574.jpg","0eTrMt+pQKu3uq2MyDRJjQ==":"sea%20aquarium-982x574.jpg","SFNFGdCUbVVP6mt0wI8iJQ==":"flower%20dome-982x574.jpg","CCPSfMyQ/UTyjNyhSObQ0Q==":"siem%20reap-982x574.jpg","Uq332fO8u8s4H0B5CDektw==":"angkor-982x574.jpg","MSBZHpT5SCug3NNyKMli+w==":"phnom%20penh-982x574.jpg","rh3wAKTPIq/dKDXzUpKPQg==":"cpc-982x581.jpg","RbsUk28BzB5rijV6oDux9g==":"sydney-982x574.jpg","4x9MBCDueBehi22HT7i7UA==":"nha_tho_st_mary-982x574.jpg","s6mICVcL+CKgJtlP+dzP/A==":"sydney%20zoo-982x574.jpg","R84OmIMrdRidIaT4zjopvQ==":"thung_lung_jamison-512x299.jpg","6XBzen6pEcVbmRW3sQlXvA==":"uc-982x574.jpg","4D8C3t63WfrZosOaejRXMg==":"mbr-982x432.jpg","KP7yAfUqZ1kif6hIKNXO+w==":"mbr-982x655.jpg","2GP7Usd9kPst3wq4v7NwWg==":"mbr-982x737.jpg","4p0wUUOCJC+iF+mN2P6CCg==":"lanbien_mdv-982x574.jpg","+/nVxXUa9g1698SW96TMjg==":"luotsong_mdv-982x574.jpg","lx0IcgDh5dMUgG7OaPtHgw==":"denhoigiao-982x574.jpg","KWBOyhnSiOJ81bmNvCeLyg==":"mdv-982x574.jpg","FQtDO+4/m5AsP1J5+KVohQ==":"mbr-7-1920x1280.jpeg","Lt2MP4jx2tUwdcFTLOQsjA==":"mbr-1920x1349.jpg","yl00WQ1ltYpMY/m/PbCHNQ==":"mbr-9-1920x1281.jpeg","IH6USf1OPrAx3Dvs/n0hAQ==":"mbr-1-1920x1080.jpg","ghF1WFiEE0SOlVArG7kN1A==":"mbr-1920x1512.jpg","vneUQKpvVWtk639wHZ9Uag==":"mbr-9-1920x1280.jpeg","W4hctreLsS6Kk4E90IWTRg==":"mbr-1920x1105.jpeg","HkVbzwgpd40HSIpKj4J4yw==":"mbr-1-1920x1105.jpeg","v6m6RPF/l7e178/xU7DvxA==":"mbr-1920x1200.jpg","3SOaV0P+ZEkTMWuNrWwg0A==":"101924093_246119703475650_424695557458493440_n-122x99.png","YoiIB/Elc8aJP/gBBG532w==":"101924093_246119703475650_424695557458493440_n-1-122x99.png"}